{
  "mae": 54.38935692794621,
  "rmse": 68.73565395209744,
  "r2": 0.8744592584357991,
  "mape_pct": 16.764367737443635,
  "n_train": 5600,
  "n_test": 1400,
  "seed": 42
}