{
  "mae": 55.289668298844084,
  "rmse": 69.75138135243738,
  "r2": 0.8744080232180711,
  "mape_pct": 17.25693846382935
}